{
  "hash": "e16ef817",
  "configHash": "77d4efb4",
  "lockfileHash": "bd68906e",
  "browserHash": "4edf5386",
  "optimized": {
    "@angular/core": {
      "src": "../../../../../../node_modules/@angular/core/fesm2022/core.mjs",
      "file": "@angular_core.js",
      "fileHash": "152a7f34",
      "needsInterop": false
    },
    "@angular/platform-browser": {
      "src": "../../../../../../node_modules/@angular/platform-browser/fesm2022/platform-browser.mjs",
      "file": "@angular_platform-browser.js",
      "fileHash": "6b426a7a",
      "needsInterop": false
    },
    "@angular/platform-server": {
      "src": "../../../../../../node_modules/@angular/platform-server/fesm2022/platform-server.mjs",
      "file": "@angular_platform-server.js",
      "fileHash": "acd9d2dd",
      "needsInterop": false
    },
    "@angular/router": {
      "src": "../../../../../../node_modules/@angular/router/fesm2022/router.mjs",
      "file": "@angular_router.js",
      "fileHash": "d8957310",
      "needsInterop": false
    },
    "@angular/ssr": {
      "src": "../../../../../../node_modules/@angular/ssr/fesm2022/ssr.mjs",
      "file": "@angular_ssr.js",
      "fileHash": "00aceaac",
      "needsInterop": false
    },
    "@angular/ssr/node": {
      "src": "../../../../../../node_modules/@angular/ssr/fesm2022/node.mjs",
      "file": "@angular_ssr_node.js",
      "fileHash": "92fca24c",
      "needsInterop": false
    },
    "express": {
      "src": "../../../../../../node_modules/express/index.js",
      "file": "express.js",
      "fileHash": "99998f3d",
      "needsInterop": true
    }
  },
  "chunks": {
    "chunk-6OS733J5": {
      "file": "chunk-6OS733J5.js"
    },
    "chunk-WUCRUMJ6": {
      "file": "chunk-WUCRUMJ6.js"
    },
    "chunk-HRLF4OVE": {
      "file": "chunk-HRLF4OVE.js"
    },
    "chunk-MSXJ7226": {
      "file": "chunk-MSXJ7226.js"
    },
    "chunk-IJSJBVXJ": {
      "file": "chunk-IJSJBVXJ.js"
    },
    "xhr2-TXIMV6CV": {
      "file": "xhr2-TXIMV6CV.js"
    },
    "chunk-YHCV7DAQ": {
      "file": "chunk-YHCV7DAQ.js"
    }
  }
}