{
  "hash": "87fb7014",
  "configHash": "336228e9",
  "lockfileHash": "bd68906e",
  "browserHash": "0ff4667f",
  "optimized": {
    "@angular/core": {
      "src": "../../../../../../node_modules/@angular/core/fesm2022/core.mjs",
      "file": "@angular_core.js",
      "fileHash": "7bcd6976",
      "needsInterop": false
    },
    "@angular/platform-browser": {
      "src": "../../../../../../node_modules/@angular/platform-browser/fesm2022/platform-browser.mjs",
      "file": "@angular_platform-browser.js",
      "fileHash": "1a15e113",
      "needsInterop": false
    },
    "@angular/router": {
      "src": "../../../../../../node_modules/@angular/router/fesm2022/router.mjs",
      "file": "@angular_router.js",
      "fileHash": "5e10cf0c",
      "needsInterop": false
    }
  },
  "chunks": {
    "chunk-DPYP7YJD": {
      "file": "chunk-DPYP7YJD.js"
    },
    "chunk-FWG627IE": {
      "file": "chunk-FWG627IE.js"
    }
  }
}